{"Get Daily Tatsumaki Credits": [1499777796.9235117, "t!daily loomkoom", "276023946657136640", false, "on", 86460.0], "Get Daily Tatsumaki Rep": [1499777789.7650917, "t!rep loomkoom", "276023946657136640", false, "on", 86460.0]}